{
  "config": "PMRU 8w64 + PF16 + StreamBypass(16)",
  "total_traces": 64,
  "pmru_avg": 95.49413423141152,
  "lru_avg": 89.24415133667071,
  "belady_avg": 89.76821383667071,
  "win_draw_loss": [
    49,
    15,
    0
  ],
  "belady_exceeded": 49,
  "traces": {
    "顺序扫描(短)": {
      "pmru": 98.0,
      "lru": 0.0,
      "belady": 0.0,
      "pf_hits": 14,
      "stream_bypass": 84
    },
    "顺序扫描(标准)": {
      "pmru": 99.9,
      "lru": 0.0,
      "belady": 0.0,
      "pf_hits": 14,
      "stream_bypass": 1984
    },
    "顺序扫描(长)": {
      "pmru": 99.98,
      "lru": 0.0,
      "belady": 0.0,
      "pf_hits": 14,
      "stream_bypass": 9984
    },
    "2元素循环": {
      "pmru": 99.98,
      "lru": 99.98,
      "belady": 99.98,
      "pf_hits": 0,
      "stream_bypass": 0
    },
    "3元素循环": {
      "pmru": 99.98666666666666,
      "lru": 99.98,
      "belady": 99.98,
      "pf_hits": 1,
      "stream_bypass": 0
    },
    "5元素循环": {
      "pmru": 99.992,
      "lru": 99.98,
      "belady": 99.98,
      "pf_hits": 3,
      "stream_bypass": 0
    },
    "嵌套循环": {
      "pmru": 99.86666666666667,
      "lru": 99.46666666666667,
      "belady": 99.46666666666667,
      "pf_hits": 6,
      "stream_bypass": 0
    },
    "深层嵌套": {
      "pmru": 99.89690721649484,
      "lru": 99.43298969072166,
      "belady": 99.43298969072166,
      "pf_hits": 9,
      "stream_bypass": 0
    },
    "调用链": {
      "pmru": 99.9875,
      "lru": 99.8,
      "belady": 99.8,
      "pf_hits": 14,
      "stream_bypass": 8000
    },
    "分支密集": {
      "pmru": 99.94074074074074,
      "lru": 99.70370370370371,
      "belady": 99.70370370370371,
      "pf_hits": 16,
      "stream_bypass": 0
    },
    "不规则分支": {
      "pmru": 99.7,
      "lru": 99.2,
      "belady": 99.2,
      "pf_hits": 5,
      "stream_bypass": 0
    },
    "3路冲突": {
      "pmru": 98.66666666666667,
      "lru": 97.33333333333334,
      "belady": 97.33333333333334,
      "pf_hits": 6,
      "stream_bypass": 0
    },
    "4路冲突": {
      "pmru": 98.66666666666667,
      "lru": 97.33333333333334,
      "belady": 97.33333333333334,
      "pf_hits": 8,
      "stream_bypass": 0
    },
    "5路冲突": {
      "pmru": 98.66666666666667,
      "lru": 97.33333333333334,
      "belady": 97.33333333333334,
      "pf_hits": 10,
      "stream_bypass": 0
    },
    "6路冲突": {
      "pmru": 98.66666666666667,
      "lru": 97.33333333333334,
      "belady": 97.33333333333334,
      "pf_hits": 12,
      "stream_bypass": 0
    },
    "7路冲突": {
      "pmru": 98.66666666666667,
      "lru": 97.33333333333334,
      "belady": 97.33333333333334,
      "pf_hits": 14,
      "stream_bypass": 0
    },
    "8路冲突": {
      "pmru": 98.66666666666667,
      "lru": 97.33333333333334,
      "belady": 97.33333333333334,
      "pf_hits": 16,
      "stream_bypass": 0
    },
    "9路冲突": {
      "pmru": 98.66666666666667,
      "lru": 97.33333333333334,
      "belady": 97.33333333333334,
      "pf_hits": 18,
      "stream_bypass": 0
    },
    "10路冲突": {
      "pmru": 98.66666666666667,
      "lru": 97.33333333333334,
      "belady": 97.33333333333334,
      "pf_hits": 20,
      "stream_bypass": 0
    },
    "12路冲突": {
      "pmru": 98.66666666666667,
      "lru": 97.33333333333334,
      "belady": 97.33333333333334,
      "pf_hits": 24,
      "stream_bypass": 0
    },
    "16路冲突": {
      "pmru": 98.66666666666667,
      "lru": 97.33333333333334,
      "belady": 97.33333333333334,
      "pf_hits": 32,
      "stream_bypass": 0
    },
    "重复冲突": {
      "pmru": 99.66666666666667,
      "lru": 99.5,
      "belady": 99.5,
      "pf_hits": 5,
      "stream_bypass": 0
    },
    "乒乓(2组)": {
      "pmru": 99.86666666666667,
      "lru": 99.8,
      "belady": 99.8,
      "pf_hits": 2,
      "stream_bypass": 0
    },
    "乒乓(3组)": {
      "pmru": 99.66666666666667,
      "lru": 99.66666666666667,
      "belady": 99.66666666666667,
      "pf_hits": 0,
      "stream_bypass": 0
    },
    "冒泡排序": {
      "pmru": 98.80079946702199,
      "lru": 98.46768820786143,
      "belady": 98.46768820786143,
      "pf_hits": 10,
      "stream_bypass": 0
    },
    "二分查找": {
      "pmru": 97.71676300578035,
      "lru": 97.28323699421966,
      "belady": 97.28323699421966,
      "pf_hits": 15,
      "stream_bypass": 0
    },
    "矩阵乘法": {
      "pmru": 99.4019138755981,
      "lru": 99.01315789473685,
      "belady": 99.01315789473685,
      "pf_hits": 13,
      "stream_bypass": 0
    },
    "卷积运算": {
      "pmru": 99.89304812834224,
      "lru": 99.73262032085562,
      "belady": 99.73262032085562,
      "pf_hits": 3,
      "stream_bypass": 0
    },
    "状态机": {
      "pmru": 99.86666666666667,
      "lru": 99.2,
      "belady": 99.2,
      "pf_hits": 10,
      "stream_bypass": 0
    },
    "链表遍历": {
      "pmru": 76.75,
      "lru": 74.5,
      "belady": 74.5,
      "pf_hits": 9,
      "stream_bypass": 0
    },
    "哈希表": {
      "pmru": 96.0,
      "lru": 94.66666666666667,
      "belady": 94.66666666666667,
      "pf_hits": 16,
      "stream_bypass": 0
    },
    "栈操作": {
      "pmru": 99.5004995004995,
      "lru": 99.5004995004995,
      "belady": 99.5004995004995,
      "pf_hits": 0,
      "stream_bypass": 0
    },
    "队列操作": {
      "pmru": 96.8,
      "lru": 50.0,
      "belady": 50.0,
      "pf_hits": 234,
      "stream_bypass": 0
    },
    "递归调用": {
      "pmru": 96.81818181818181,
      "lru": 95.0,
      "belady": 95.0,
      "pf_hits": 16,
      "stream_bypass": 0
    },
    "字符串处理": {
      "pmru": 99.95121951219512,
      "lru": 99.73170731707317,
      "belady": 99.73170731707317,
      "pf_hits": 18,
      "stream_bypass": 0
    },
    "CRC计算": {
      "pmru": 99.95,
      "lru": 99.75,
      "belady": 99.75,
      "pf_hits": 8,
      "stream_bypass": 0
    },
    "向量运算": {
      "pmru": 99.3529411764706,
      "lru": 99.0,
      "belady": 99.0,
      "pf_hits": 6,
      "stream_bypass": 0
    },
    "流水线停顿": {
      "pmru": 99.83333333333333,
      "lru": 98.58333333333333,
      "belady": 98.58333333333333,
      "pf_hits": 15,
      "stream_bypass": 0
    },
    "随机(小空间)": {
      "pmru": 98.22,
      "lru": 97.44,
      "belady": 97.44,
      "pf_hits": 39,
      "stream_bypass": 0
    },
    "随机(中空间)": {
      "pmru": 90.66,
      "lru": 89.75999999999999,
      "belady": 89.75999999999999,
      "pf_hits": 45,
      "stream_bypass": 0
    },
    "随机(大空间)": {
      "pmru": 22.82,
      "lru": 22.78,
      "belady": 46.300000000000004,
      "pf_hits": 40,
      "stream_bypass": 0
    },
    "随机(巨大空间)": {
      "pmru": 3.0,
      "lru": 2.92,
      "belady": 12.94,
      "pf_hits": 4,
      "stream_bypass": 0
    },
    "Zipf(256B)": {
      "pmru": 91.0,
      "lru": 88.4,
      "belady": 88.4,
      "pf_hits": 52,
      "stream_bypass": 0
    },
    "Zipf(2KB)": {
      "pmru": 87.53333333333333,
      "lru": 86.03333333333333,
      "belady": 86.03333333333333,
      "pf_hits": 45,
      "stream_bypass": 0
    },
    "泊松分布": {
      "pmru": 99.3,
      "lru": 98.3,
      "belady": 98.3,
      "pf_hits": 20,
      "stream_bypass": 0
    },
    "突发访问": {
      "pmru": 90.25,
      "lru": 84.95,
      "belady": 84.95,
      "pf_hits": 106,
      "stream_bypass": 0
    },
    "局部性访问": {
      "pmru": 94.73333333333333,
      "lru": 90.26666666666667,
      "belady": 90.26666666666667,
      "pf_hits": 134,
      "stream_bypass": 0
    },
    "工作集切换": {
      "pmru": 99.9,
      "lru": 99.0,
      "belady": 99.0,
      "pf_hits": 70,
      "stream_bypass": 2000
    },
    "混合负载": {
      "pmru": 99.91666666666667,
      "lru": 99.66666666666667,
      "belady": 99.66666666666667,
      "pf_hits": 9,
      "stream_bypass": 0
    },
    "循环含调用": {
      "pmru": 99.925,
      "lru": 99.8,
      "belady": 99.8,
      "pf_hits": 5,
      "stream_bypass": 0
    },
    "流式后循环": {
      "pmru": 99.53125,
      "lru": 93.28125,
      "belady": 93.28125,
      "pf_hits": 16,
      "stream_bypass": 27
    },
    "热冷混合": {
      "pmru": 99.33333333333333,